,string,position
0,1 красавіка 192,6
1,10 квадратных мет,8
2,10 чалавек і,8
3,11 красавіка 201,7
4,11 працэнтаў пас,7
5,12 беларускіх афі,8
6,12 прыватных асо,7
7,15 чэрвеня рэй,4
8,17 сакавіка па,10
9,17 сакавіка сва,10
10,19 сакавіка кал,10
11,956 года ў,5
12,958 года нар,5
13,20 лютага дав,4
14,20 сакавіка 201,10
15,20 сакавіка рас,8
16,0-х датах кра,5
17,200 чалавек атр,9
18,011 гадах так,7
19,011 года пам,5
20,012 гадах сіс,7
21,012 года скл,5
22,012 года у,5
23,012 года яна,5
24,012 годзе сяр,5
25,012 падрыхтуюць мін,11
26,013 гадах пра,7
27,21 сакавіка дыр,10
28,22 сакавіка пер,10
29,23 сакавіка на,10
30,23 сакавіка рас,10
31,23 сакавіка ў,10
32,24 мая ў,4
33,245 населеных пун,9
34,25 сакавіка па,10
35,267 выпадках пры,5
36,27 кастрычніка нац,8
37,27 лютага ес,4
38,29 беларускіх кам,8
39,370 даляраў па,7
40,42 тоны бул,4
41,5 красавіка 195,10
42,5 кілаграмаў пер,8
43,50 сартоў кул,7
44,500 даляраў ніз,7
45,53 краінах све,6
46,55 моцны вец,4
47,6 сакавіка пат,9
48,7 населеных пун,7
49,овы бацька не,5
50,9 сакавіка пад,9
51,irm з'яўляецца юры,9
52,irm зацікавілася інв,9
53,irm мае сва,5
54,irm маюць нам,5
55,und ужо пры,6
56,а будзе тры,3
57,а вельмі шма,3
58,а калі бел,5
59,а канкурсанткі дап,9
60,а колькасць апа,3
61,а пераадолець яго,8
62,а самым хал,3
63,а сняжана міх,6
64,а таксама 12,6
65,а таксама адк,6
66,а таксама пра,6
67,а таксама свя,6
68,а ўвогуле слу,4
69,аан выказвае сур,7
70,аан вінаваціць бел,9
71,аан яшчэ не,7
72,аб аператыўнай абв,9
73,аб ахвярах тэр,6
74,аб ацэнцы ўзд,5
75,аб грамадзянскіх і,10
76,аб загінулых у,6
77,аб захаванні кан,8
78,аб макраэканамічнай сіт,14
79,аб маючых адб,4
80,аб невыкананні бел,10
81,аб пакаранні дзм,8
82,аб пашырэнні сан,8
83,аб прынятым рад,5
84,аб сваёй сла,6
85,аб стане ввд,5
86,аб супрацоўніцтве ў,9
87,аб такой маг,6
88,аб увядзенні дад,8
89,аб узаемаразуменні з,14
90,аб формах ста,4
91,аб экалагічным зем,9
92,аб эфектыўных стр,8
93,аб ядзерных ава,3
94,ваў арганізацый з,11
95,ова хачу ў,7
96,вае патрабаванне для,12
97,зкі кіраўніка зат,12
98,іла літву ў,8
99,вюх краін сум,7
100,сны мастацкай муз,8
101,ным упраўленні мнс,10
102,ных этапаў кон,6
103,кам паабяцаў вый,10
104,ама анатоль вас,8
105,мен інфармацыяй з,10
106,ене інфармацыяй і,10
107,алі перспектывы інв,9
108,нні праекту буд,7
109,цца ўведзенымі ран,6
110,юць магчымасць узм,8
111,ены чорны спі,5
112,або з'яўленне ў,9
113,нуў частка жыл,5
114,ным пераможцам і,9
115,нні знешняга доў,9
116,аць якую буд,6
117,ння яшчэ не,4
118,ныя парушэнні дам,9
119,цае прамыслоўцам сяр,11
120,нія выступае пер,10
121,тва інвестыцый і,10
122,вам інвестыцый і,10
123,ыяў цяпер ста,5
124,лам юныя пры,4
125,най мэты па,5
126,ная плошча абв,6
127,ад асобных кра,5
128,ад беларусі на,8
129,ад вышэйстаячага кір,11
130,ад дыялогу з,7
131,ад мадэльных аге,6
132,ад парываў вет,6
133,ад смерці сва,5
134,ад яго еўр,5
135,ад ізаляцыі да,7
136,ад імя еўр,3
137,цца плацяжах па,10
138,ным баку нам,5
139,алі справаздачы ў,12
140,ляе перспектывы нар,12
141,ела метэаралагічных пра,14
142,ела інфармацыі і,10
143,ння новай фін,7
144,чае апазіцыйны пал,10
145,чае уладзімір няк,9
146,юць узмацненне ашч,10
147,ыла кэтрын эшт,5
148,ыла святлана рыб,9
149,чыў андрэй сав,8
150,зін чалавек заг,7
151,най пазіцыі ў,7
152,сці прыцягнулі ама,11
153,ных паслоў дзя,8
154,вае новы рэй,5
155,вае новыя нап,5
156,ючы новы сез,5
157,ага скажэння рэч,8
158,ыць сваю спр,6
159,ўся памілаваць асу,7
160,ным правапарушэннем і,14
161,аго вытворчага буд,8
162,ова вядучыя шоу,7
163,ння дыялогу па,8
164,цца сезонныя рэй,7
165,ным баку куп,7
166,ную інфармацыю ў,10
167,ныя прапановы ў,10
168,каў нашы клі,5
169,яць гэты пас,5
170,юць вельмі моц,5
171,нне нацыі з,5
172,сць святлоадбівальных эле,15
173,алі чэхі пас,5
174,аць сабе бел,7
175,улі паляпшэнне жыц,10
176,ным стабілізацыйным мер,14
177,нне незаконных фін,9
178,нні канвенцыі аб,8
179,нні канвенцыі бел,8
180,ялі гэта шля,5
181,амя цэнтральнага офі,9
182,ных яе ўдз,5
183,тна будзем пад,5
184,цый структуры абу,10
185,цый сумы да,5
186,але абавязкова хач,11
187,але галоўнымі гер,7
188,але дзякуючы інш,6
189,але кожная кра,5
190,але маю пра,5
191,але нават пад,5
192,але размаўляюць па-,11
193,але таксама і,8
194,але ўдзельнічаю з,7
195,ена пенязь абв,7
196,олю або з'я,6
197,лкі таксама пад,8
198,ндр лукашэнка зая,9
199,дра лукашэнкі нія,9
200,аль увесь нар,6
201,ліз знешняга доў,6
202,ліз няшчасных вып,8
203,ізу знешніх аба,6
204,ізу сістэмы кір,8
205,най запіскі аб,7
206,сці еўрапейскія дып,9
207,ння затрыманыя 109,8
208,каў будзе ў,5
209,най абвестцы аб,7
210,ных дадзеных мнс,5
211,шні падаў у,7
212,нім рашэннем рад,7
213,нія дэталі сцэ,7
214,ўку глебы на,6
215,цца дарогі р,7
216,нні найбольш акт,8
217,ваў паказчык пра,7
218,ямі гэтае смя,5
219,цыі працы міс,6
220,ага святланы ура,9
221,нае майстэрства і,9
222,ныя супрацоўнікі офі,10
223,вая ўвага даі,6
224,вым кантролем апы,9
225,тая помста дык,5
226,ных каштоўнасцяў рад,8
227,овы беларускай мов,9
228,най тэмай яко,5
229,ным рынку збы,5
230,бна можна раз,5
231,аем гэтыя абу,5
232,нем прывядзення ў,11
233,ілі разам з,5
234,зіў тэракт на,7
235,дзя віталь кул,7
236,нне максімальна маг,8
237,нне экалагічна чыс,10
238,маў указанне ад,8
239,аць менавіта гэт,9
240,най заяве кір,6
241,ных асоб і,6
242,овы здароўя сір,8
243,овы здароўя і,8
244,овы навакольнага ася,9
245,іць небяспеку і,10
246,нцы ўздзеяння на,8
247,еце моўную сіт,5
248,ілі гарышча ад,7
249,ных працэсаў у,8
250,аэс з'яўляюцца без,9
251,аэс камітэтам па,9
252,аэс падрыхтуюць да,11
253,аэс пачнуць у,8
254,нюс ажубаліс 9,8
255,б працаваць раз,8
256,аку купюры нам,7
257,аку намаляваны кал,11
258,акі абмеркавалі пер,12
259,анк беларусі даў,9
260,анк беларусі прэ,9
261,анк мае нам,5
262,нка беларусі №,9
263,нка надзеі ерм,8
264,ага абсталявання яшч,12
265,кае абсталяванне ў,12
266,кай справы пал,7
267,нкі гатовыя пра,7
268,умі будзе вык,5
269,ыце будучыню бел,5
270,ыць неабходнасці ў,9
271,без выліку пад,5
272,без доўгіх чак,5
273,без кансервантаў у,11
274,без праблемаў піс,9
275,без праблемаў чыт,9
276,без роднай мов,5
277,без ужывання мін,8
278,рус можа ў,5
279,ага аддзялення нов,10
280,ага дзяржаўнага эка,9
281,ага лідара аля,5
282,ага радыё бел,5
283,кае дзіцячае хар,8
284,кай аэс да,5
285,кай вучаць зам,5
286,кай дэлегацыі ў,9
287,кай касмічнай ста,8
288,кай мовы ў,5
289,кай прамысловасці скл,11
290,аму боку адп,5
291,кая мова зно,5
292,кая мова пад,5
293,кая мова і,5
294,кая служба рад,6
295,кую аэс пач,5
296,кую ведаюць і,5
297,скі прадукт пач,8
298,скі прэзідэнт зац,10
299,кім бокам пал,5
300,кім тэлебачанні пав,9
301,кіх афіцыйных асо,8
302,кіх грамадзян шля,11
303,кіх грамадзян і,11
304,кіх палітвязняў ста,10
305,кіх прадстаўнікоў пры,15
306,кіх уладаў не,6
307,кія банкі гат,5
308,кія вучоныя вын,7
309,кія ўлады выд,6
310,кія ўлады зан,6
311,кія ўлады маю,6
312,кія ўлады пры,6
313,усы зрабілі укл,6
314,усь выступіць пят,5
315,усь дала выч,5
316,усь здзейсніла сур,7
317,усь знаходзіцца пад,8
318,усь неадкладна ўве,5
319,усь плануе пер,8
320,усі адкліканых пас,8
321,усі адмовіўся пам,7
322,усі аляксандр лук,9
323,усі аналітычнай зап,10
324,усі андрэй сав,8
325,усі будуць вым,5
326,усі было зар,5
327,усі было на,5
328,усі вымушаны кан,5
329,усі магчымыя апа,8
330,усі нячаста і,7
331,усі павінен зра,7
332,усі прысудзіў іх,11
333,усі распрацаваны рэг,13
334,усі супрацьракавыя і,12
335,усі таксама пра,8
336,усі уладзімір сям,9
337,усі ідуць сле,6
338,бо гэта кал,4
339,бок еўрапейскага саю,9
340,бок шкадуе аб,8
341,кам палажэнняў кан,9
342,оку адпраўляецца як,11
343,оку беларускіх ула,9
344,оку замежных арг,7
345,льш аддаляе пер,9
346,льш сур'ёзныя эка,8
347,сць патанулых был,9
348,сці няма з,7
349,шая частка кан,5
350,эль мае нам,5
351,кая газета dai,7
352,аць беларускую аэс,9
353,тва астравецкай і,10
354,тва аэс кам,5
355,тва аэс у,5
356,тва беларускай аэс,9
357,вам беларускай і,9
358,тве беларускай аэс,9
359,дзе адпрацоўваць бар,10
360,дзе выконвацца што,7
361,дзе вырашана пры,5
362,дзе дастаткова пры,8
363,дзе каштаваць вял,10
364,дзе лёгка зна,5
365,дзе працаваць па,10
366,дзе прымаць раш,8
367,дзе трымацца ў,8
368,зем падымаць зар,9
369,зем працягваць гэт,11
370,уду займацца кар,8
371,уду размаўляць ужо,11
372,уду спяваць кам,8
373,уду ўдзельнічаць у,7
374,уць атрымліваць мен,7
375,уць вымяраць па,9
376,уць даступныя ў,8
377,уць загружаныя ў,8
378,уць маладыя спе,9
379,уць мяне раз,5
380,уць накіраваны на,11
381,уць пастаянна пры,9
382,уць тычыцца або,5
383,уць уводзіцца ў,6
384,ыню беларускай мов,9
385,няй пакуль не,7
386,ьба будзе каш,5
387,ьбы сёлета ў,5
388,ыла другі раз,6
389,ыла сорамна раз,5
390,ыло вельмі дзі,5
391,ыло вельмі цік,5
392,ыло даследавана 50,8
393,ыло зарэгістравана 256,9
394,ыло ніякіх пра,6
395,ыло прынята раш,6
396,ыло ўзгоднена зна,7
397,"ыло ўсяго 2,5",8
398,ылі дададзеныя 29,10
399,ылі зафіксаваныя 22,10
400,ылі прыведзены ў,8
401,ылі прывязаны і,8
402,ылі пятнаццаць дзя,8
403,ыць выкарыстана для,5
404,ыць заменена пав,7
405,ыць ніякага кам,6
406,быў шанец пак,5
407,чым годзе маг,5
408,екі кэтрын эшт,5
409,сам звязваць жыц,6
410,наў юрыя чыж,4
411,ва удаі мус,5
412,ва ўніверсітэце дзе,12
413,ёма гуляць раз,5
414,жна адпраўляць гэт,11
415,жна адчуваць саб,9
416,вым знешнім доў,6
417,юць вялікім воп,7
418,рта вярнуцца ў,8
419,вас зацікавіла бел,9
420,вас нагадвае сіт,7
421,вас тая ж,5
422,ьмі базавых вел,5
423,шай увазе мы,6
424,эль аль-халкі так,9
425,ввд беларусі і,9
426,даю дакладную сіт,8
427,даю прынамсі тро,8
428,ьмі акуратна буд,8
429,ьмі важна адп,5
430,ьмі дзіўныя адк,6
431,ьмі добра вед,8
432,ьмі добра вед,5
433,ьмі добра раз,5
434,ьмі жорстка адк,5
435,ьмі люблю джа,8
436,ьмі моцны пал,5
437,ьмі ясны пар,4
438,сію песні адм,5
439,кім раёне віц,6
440,тру сілай да,5
441,цер абрынуў час,9
442,чар абяцаў быц,8
443,сці выявіла кал,5
444,сці ўгледзела ў,7
445,уць удзел неп,7
446,вым абавязку ў,8
447,там угодаў з,6
448,сем атрымалі ран,9
449,ныя вынайшлі дам,7
450,ася толькі сам,5
451,вы ацэньваеце моў,5
452,вы бачыце буд,4
453,вы выканаеце гэт,4
454,вы вырашылі выв,4
455,вы гэта зро,4
456,вы павінны выз,6
457,вы павінны даз,6
458,вы разабраліся з,9
459,аць адносіны з,7
460,аць рэйсы са,5
461,юць магчымасць ств,8
462,ылі беларускую мов,9
463,ыць вашую мов,5
464,ння магчымасцяў пры,8
465,аць цела ула,5
466,юць цела і,5
467,нне стане спр,6
468,ння беларускіх пал,9
469,іць гэтых люд,5
470,іць усіх пал,6
471,ння далейшых нап,7
472,алі жаданне ўзя,5
473,вае сур'ёзную зак,8
474,аем сваю паз,7
475,нне кіроўцамі хут,7
476,нне пакарання да,9
477,нне смяротнага пак,8
478,нне смяротнага пры,8
479,нне смяротны пры,8
480,нне смяротнымі пры,8
481,нне смяротныя пры,8
482,нне судовага пры,7
483,нем правілаў дар,6
484,ння правіл абг,6
485,ння рэйсаў пра,5
486,ння рамянёў бяс,9
487,ння рамянёў бяс,10
488,ючы абавязкі кір,8
489,шлі дамскую сум,5
490,іку выбуху 11,5
491,іку галоўныя пры,7
492,іку гэтага яна,5
493,іку правядзення зба,11
494,іку яго заг,6
495,ках прычына пар,8
496,дку неабходнасці бел,9
497,аць лекі раз,5
498,ску лекавых сро,5
499,ыла вывучыць ваш,5
500,ылі вывучаць бел,9
501,нню гэтага кан,5
502,нні спрэчак бел,7
503,нні спрэчных пыт,7
504,ялі апошнія дэт,6
505,ага прадстаўніка ес,15
506,окі нават па,7
507,пае перавозчыкам алі,9
508,яць таксама сер,8
509,іць пятай у,5
510,ага будынка і,7
511,сці навукова-вытворчага цэн,9
512,ныя адказы на,7
513,ага кіраўніка з-з,12
514,чых кіраўнікоў за,12
515,шай меры пак,5
516,іла каля 30,5
517,омы музычны пра,7
518,чыя шоу зна,5
519,кім вопытам уго,5
520,ага суда ад,7
521,ўны прадстаўнік ес,13
522,сцы бароўка 19,7
523,іту беларускай дэл,9
524,рыя шаціла спр,7
525,іць беларусь у,9
526,аль кулік і,7
527,ага дзяржаўнага тэх,9
528,кай вобласці ў,5
529,кім абласным упр,10
530,ыне вецер здз,5
531,там карэйскага аге,7
532,'ер беларусі ула,9
533,'ер прывёў дад,8
534,дах сістэмы інд,8
535,дах таксама был,8
536,доў будзе выр,5
537,доў красавіка ў,12
538,доў сітуацыя зус,8
539,най задачай айч,7
540,ымі гераінямі был,8
541,ныя прызы кон,8
542,іне аховы зда,6
543,іне ядзернай бяс,4
544,іне ўкладчыкі ўно,7
545,тыі ўрада бел,6
546,ыня дома 195,5
547,овы прыступіць да,11
548,выя працаваць з,8
549,ямі былі пят,5
550,чам лацінаамерыканскі тан,16
551,ння міжнароднага пра,5
552,ода аблвыканкам паа,13
553,ода беларусы зра,9
554,ода дзякуючы дзе,6
555,ода налічаная сяр,7
556,ода намінальная нал,9
557,ода нараджэння і,10
558,ода паменшылася на,7
559,ода склалася на,7
560,ода яна выр,6
561,ода ўмацавалася на,10
562,дзе магчымасці выл,8
563,дзе сярэдняя зар,7
564,ага аблвыканкама ана,13
565,ага аблвыканкама наг,13
566,усы цяплей чым,5
567,зян шляхам пад,8
568,яне іншых кра,4
569,кім месцы ў,5
570,аты паслоў дзе,8
571,най сферы бел,6
572,най сферы ў,6
573,ымі сродкамі бел,6
574,кай вобласці выя,5
575,кай вобласці ўгл,5
576,дна прадала ква,8
577,дне паступала мно,10
578,цыі дзімітрыс кан,8
579,ісу беларускага рад,9
580,яць разам з,5
581,эта абсалютна вык,9
582,эта было вел,7
583,эта высокі нав,7
584,эта гаворыцца ў,7
585,эта звязана з,6
586,эта кажуць на,5
587,эта каласальны дос,9
588,эта можа зда,5
589,эта надзвычай важ,9
590,эта паведамляе afp,12
591,эта паведаміў 23,7
592,эта перспектыўны кір,12
593,эта прыводзіць да,8
594,эта рабіць і,7
595,эта разумеюць і,9
596,эта разумеюць ўсё,9
597,эта распавялі ва,10
598,эта трэба ўме,6
599,эта шляхам арг,6
600,ага года абл,5
601,ага года дзя,5
602,ага года нал,5
603,ага года нам,5
604,ага года ў,5
605,ага часу на,5
606,ага яна зас,6
607,тае смяротнае пак,8
608,тай падтрымкі від,9
609,тай праблеме не,9
610,тую дынаміку тлу,7
611,тую меру пак,5
612,тую суму за,5
613,эты пасыл бел,7
614,эты перыяд аві,7
615,эты прагноз з'я,9
616,тым летнім сез,5
617,тым плане на,6
618,тым спосабе пра,6
619,тым сірыйскія прэ,7
620,тым характэрны рос,10
621,ымі двума пад,8
622,тых людзей пра,8
623,тыя абуральныя пар,8
624,тыя рэкамендацыі буд,12
625,тра святлана рыб,9
626,да адказнасці за,6
627,да адказнасці пры,6
628,да адкрытага ска,7
629,да беларусі мы,8
630,да вадаёма гул,7
631,да васьмі баз,8
632,да верасня 201,4
633,да вышэйшай мер,6
634,да гэтага час,4
635,да дадаткова эмі,9
636,да дакладнага зем,7
637,да дзмітрыя кан,6
638,да запісу пес,4
639,да захавання без,8
640,да зніжэння рэн,7
641,да каго пер,6
642,да маладых люд,8
643,да мараторыя на,8
644,да міжнароднага дня,9
645,да падаражання пра,10
646,да прадстаўнікоў афі,14
647,да разгляду спр,8
648,да рэалізацыі ком,9
649,да саміту кір,4
650,да сваіх сем,6
651,да сваіх сяб,6
652,да снежня гэт,5
653,да стварэння сум,8
654,да такога ста,6
655,да трусоў і,7
656,да тэмы нав,4
657,да шэрагу бел,4
658,да экалагічнага зем,9
659,да яго абг,5
660,да яго пры,5
661,да яе поў,4
662,да якіх уве,5
663,чыя граматы пас,6
664,вых санкцый у,5
665,нае сальда зне,5
666,ным узроўнем рэа,7
667,ных аэс з'я,5
668,ена толькі ў,5
669,іць скараціць спа,10
670,нае земляробства мож,10
671,нты існуюць у,7
672,ала вычарпальныя адк,10
673,шае развіццё кан,11
674,шым нацыянальны бан,10
675,шых напрамкаў яе,8
676,раў нізкай для,5
677,кім пунктам пры,5
678,уць забяспечыць бяс,10
679,озе галасавых кам,11
680,озе першай бел,5
681,іла беларускіх пра,9
682,гах беларусі был,9
683,ага руху на,5
684,нем тэрмінова пер,10
685,нні прадстаўніка рэг,15
686,ыць публіцы шча,5
687,ася прадстаўніцы пол,13
688,ова прызнання з,9
689,нні беларусі ў,9
690,нні пастаўленай мэт,8
691,цца заключэння дву,10
692,цца многіх дзі,6
693,даі надасць вык,7
694,даі ўзмоцніць кан,7
695,даў справаздачу за,12
696,два месяцы 201,5
697,два тыдні сак,5
698,вух жылых дам,7
699,ага пагаднення аб,10
700,вых кансультацый па,12
701,выя кансультацыі і,12
702,зве дзяўчыны пра,9
703,дзе збіраюць 41,8
704,дзе таксама атр,8
705,сць беларускага адд,9
706,сць распаліла паж,10
707,сці гродзенскіх стр,6
708,сці фінансавай пір,7
709,ьці паміж гэт,7
710,нні супярэчаць наш,9
711,тры клеўжыц прэ,6
712,рый новік выс,5
713,рыю канавалаву і,9
714,рыя канавалава і,9
715,ючы дзейсным і,6
716,ючы іншым тэх,4
717,авы забараніў звя,11
718,ага тэхналагічнага ўні,12
719,ага эканамічнага ўні,10
720,ага ўніверсітэта вік,13
721,ага ўніверсітэта хры,13
722,каў тысяч дал,5
723,ткі мёртвых душ,5
724,чат вечар абя,5
725,чат павінна был,7
726,аты з’яўляліся ўдз,9
727,ыны прадставяць наш,10
728,чых устаноў рас,9
729,най зусім не,7
730,для аналізу сіс,6
731,для бакоў тэм,7
732,для дзяўчат веч,7
733,для мяне гэт,7
734,для павышэння яка,9
735,для палітычных лід,9
736,для праслухоўвання тэл,11
737,для сферы гра,6
738,для таго каб,7
739,дня роднай мов,5
740,нём паветра пра,7
741,бра ведаю рас,5
742,бра жывецца ў,7
743,ляй дзяржавы ў,9
744,таў кіраўнікоў ячэ,12
745,дзе такіх кра,7
746,оўг беларусі буд,9
747,гам беларусі так,7
748,ўгу банкаўскага сек,5
749,гіх чаканняў пач,7
750,гая віцэ-каралева вяс,14
751,іся кнігі і,6
752,мку аўдронюса ажу,8
753,мку уладзіміра няк,9
754,дух вогуле не,5
755,дух ніколі не,7
756,ды чэшскі дух,4
757,ала арышты і,6
758,іку абменнага кур,7
759,іку тлумачаць зна,8
760,ага ціску на,5
761,ныя крыніцы пав,8
762,тар нацыянальнага аге,10
763,тар ніжагародскай інж,11
764,муе міжнародную гра,10
765,ных элементаў буд,8
766,аць старую таб,8
767,таў фізічных асо,7
768,ес былі дад,6
769,ес варта вяр,4
770,ес застаецца ў,8
771,ес зрабіў з,7
772,ес маюць нам,4
773,ес пакуль не,6
774,ес пасылае ясн,8
775,ес пашырыў віз,6
776,ес плануе заб,7
777,ес прытрымлівацца адз,8
778,ес упіраецца мен,7
779,нту вярхоўны пра,8
780,скі саюз зра,6
781,скі саюз не,6
782,кія краіны выб,7
783,кія палітыкі зна,7
784,кія партнёры был,9
785,аюз мае нам,5
786,аюз пашырыў сан,7
787,аюз таксама пас,8
788,юза было пры,7
789,юза гэта аба,5
790,юза рашэнні аб,7
791,опы рашуча асу,7
792,ж датычыцца мно,5
793,ж усё ўпі,4
794,ына перавяла гэт,11
795,нку прэзідэнта кра,10
796,тка адказаць на,9
797,уры сваю сцэ,7
798,рка гродна пра,6
799,з 200-тысячнай куп,7
800,з апошнім раш,4
801,з асноватворных каш,10
802,з асуджэннем пры,7
803,з ацэнкай пак,4
804,з беларускім зак,7
805,з беларускімі ўла,5
806,з беларуссю з,7
807,з беларуссю на,7
808,з беларуссю ў,7
809,з боку аўд,3
810,з боку бел,3
811,з боку бел,3
812,з боку зам,3
813,з будаўніцтвам бел,8
814,з вызваленнем пал,8
815,з вялікім здз,5
816,з вярхоўнага суд,6
817,з візітам у,5
818,з віцебскага дзя,3
819,з грэцыі дзі,4
820,з гэтым ва,3
821,з гэтым мер,3
822,з гэтым паг,3
823,з гэтым пры,3
824,з гэтымі пыт,3
825,з даручэннем тэр,7
826,з дзяўчат пав,7
827,з доляй дзя,3
828,з дэкаратыўных эле,9
829,з замежнай мов,5
830,з кампаніяй на,6
831,з карэйскімі кам,5
832,з лагатыпам гэт,7
833,з літвой з,6
834,з магічнымі пра,5
835,з мадэльным біз,5
836,з матэрыяльнай шко,8
837,з метадалогіяй між,9
838,з мэтай выв,3
839,з нагоды аст,5
840,з нагоды буд,5
841,з намеснікам мін,5
842,з нацыянальным аге,8
843,з новай куп,3
844,з паляпшэннем ста,8
845,з пачаткам год,5
846,з пачатку год,5
847,з пачатку пра,5
848,з пераважнай дол,7
849,з прагнозам гід,7
850,з прапановай лук,8
851,з прыярытэтных нап,9
852,з пункту гле,3
853,з размоўнаю мов,6
854,з рахункаў у,5
855,з рэпертуару bey,9
856,з студзенем гэт,4
857,з удзелам кар,5
858,з уласнай паз,4
859,з улікам нац,4
860,з улікам пал,4
861,з улікам рос,4
862,з улікам таг,4
863,з імі сва,2
864,з інфляцыйных тэн,8
865,з іншымі між,2
866,ася інфармацыя і,10
867,цца незваротнай і,10
868,цца парушэннем між,7
869,цца юрыдычнае суп,8
870,цца абавязковымі з,11
871,цца грамадзяне інш,11
872,-за мяжы з,7
873,за выкананнем пдр,8
874,за выкананнем пра,8
875,за гэтае раш,4
876,за гэтых дар,4
877,за мінулыя сут,6
878,за парушэнне пдр,8
879,за перавышэнне хут,10
880,за працу ў,5
881,за разгляданы пер,8
882,за саўдзел у,8
883,за тэракт у,6
884,за тэракт уск,6
885,за якія пра,5
886,ніў звяртацца да,9
887,ыць бяспеку на,8
888,ыць яму кам,6
889,нне грашовымі сро,8
890,ала першакурсніца гро,10
891,дзя пастаўлены ў,8
892,чай айчынных нав,7
893,ўга працягваецца рус,8
894,цца кар’ерай мад,8
895,юся эстраднай хар,8
896,амі логікі пры,5
897,сць прыведзенымі ў,8
898,ыць пагадненне аб,10
899,ння двухбаковага паг,9
900,кае беларусь неа,9
901,алі беларускія ўла,9
902,каў беларусь да,9
903,каў еўрапейскія кра,9
904,каў улады бел,6
905,уць кампаній юры,8
906,най валютах на,7
907,най валюты над,7
908,най мовай і,5
909,най экспансіі кар,8
910,ных арганізатараў пір,11
911,ных справах і,7
912,ных інвестараў аб,7
913,ных інвестыцый у,10
914,ена паверхневай апр,7
915,іць ворыва на,7
916,дта перакананы ў,9
917,алі адной з,7
918,цца сумесным вып,7
919,іць свечкі ў,6
920,аны вядомы муз,7
921,ыты з'яўляюцца аба,9
922,най платы бол,6
923,ная плата раб,6
924,іць нармальныя гро,8
925,ата павялічылася ў,9
926,ата работнікаў ахо,7
927,ата работнікаў был,7
928,ата рабочых і,7
929,"ата склала 2,9",7
930,"ата склала 3,4",7
931,цца закладнікамі лог,8
932,нні канвенцыі эсп,8
933,іла беларуская мов,9
934,ася інвестыцыйнымі маг,12
935,яве кіраўнік кам,10
936,явы беларускага лід,9
937,іла вярхоўны пра,8
938,іла крыніца аге,8
939,іла старшыня кам,11
940,віў першы віц,5
941,ляе уладзімір няк,9
942,нні беларусі і,9
943,юся здзіўляць сва,8
944,рот паступова і,10
945,аць сваю буд,7
946,аць жыццё не,5
947,аць жыццё са,8
948,тае ўвагу на,6
949,юць увагу на,6
950,ная вікторыя шац,8
951,іла сур'ёзныя пар,8
952,ілі тыя зла,5
953,муў частку дом,5
954,яць сваёй хар,7
955,тва можа даз,5
956,тва прыводзіць да,8
957,тве дзмітрый луж,7
958,гла прадставіць выр,10
959,глі яго выр,6
960,цца расходы ўгн,8
961,цца сітуацыя ў,8
962,яць сваю пар,7
963,цца закон аб,7
964,ным дадатным узр,7
965,яга гандлю і,5
966,яга доўгу бан,5
967,яга доўгу ў,5
968,нім доўгам бел,5
969,ніх абавязацельстваў арг,10
970,ніх пазык арг,5
971,ноў атрымае сво,7
972,ноў загучыць у,9
973,нне пасяўных пло,7
974,нне тэмпаў інф,5
975,нем знешнеэканамічных дыс,16
976,ння рэнтабельнасці выт,8
977,яць аварыйнасць ў,8
978,ныя рэзервы кра,7
979,нке занэле маё,7
980,біў яшчэ адз,7
981,ася група інт,6
982,іся ўдзельніцамі ўні,7
983,каб беларускія вуч,9
984,каб людзі адч,5
985,ёва атрымалі ліс,9
986,ёва будзе пра,5
987,ёва камітэтам па,9
988,ныя пытанні суд,7
989,аго перакананы на,11
990,ывы праводзілі апо,11
991,аля дзесяці імё,10
992,алі беларускі прэ,9
993,алі беларусы не,9
994,алі зменіцца сіт,6
995,алі раней был,7
996,алі расліна выс,8
997,алі сярэдняя тэм,7
998,алі яны рап,6
999,кай атамных эле,4
1000,ній юрыя чыж,4
1001,нію супраць смя,5
1002,нія падпісала мем,10
1003,ніі валодаюць вял,7
1004,ніі плануюць зак,8
1005,нае існаванне пры,9
1006,тэт міністраў ре,7
1007,тэт папрасіў бел,10
1008,эта звяртае ўва,9
1009,эта зонке зан,5
1010,эце міністраў ре,7
1011,цыі беларусь дал,9
1012,цыі эспо пры,7
1013,так прадэманстравала сва,17
1014,ткі дапамагалі ім,11
1015,ваў начальнік упр,7
1016,там запрошаны вяд,8
1017,лем апынуцца дар,8
1018,кту паміж мін,7
1019,нцы месяца ў,5
1020,цыі кіравання вал,9
1021,ене заклікаў ес,8
1022,цыя паўднёвай кар,9
1023,ага агенцтва па,6
1024,ага капіталу па,9
1025,імі кампаніямі ў,8
1026,рэя хоча інв,5
1027,іка нацыянальная аві,10
1028,аць вялікіх гро,7
1029,цяў рады еўр,5
1030,кдб спыніў дзе,8
1031,кдб убачыў у,6
1032,жыц прэзентаваў інв,13
1033,баў панавала нер,9
1034,нты маглі выб,8
1035,ная краіна буд,7
1036,ная ўдзельніца пры,7
1037,жны беларус мож,9
1038,сць ападкаў буд,6
1039,сць рэйсаў у,5
1040,урс паедзе маг,6
1041,сах прыгажосці і,10
1042,рсе большая час,5
1043,рсе будзе гур,8
1044,рсу адправіліся ў,8
1045,рсу азербайджан і,13
1046,рсу грацыі і,6
1047,рсу прайшла 20,10
1048,ошт новых заб,5
1049,ошт станоўчых тэн,8
1050,шык валют на,7
1051,ыка прыкладна ў,6
1052,іка выдаўся ў,5
1053,іка парадуе бел,7
1054,іку складзе ў,10
1055,аін еўрасаюза ў,4
1056,аін сумесных пра,7
1057,іна будзе пры,5
1058,нах еўрасаюза гэт,10
1059,іне ўласных кры,6
1060,іны выбудоўваць адн,9
1061,іны павялічыліся за,5
1062,рок насустрач бел,7
1063,рок насустрач ес,7
1064,рок насустрач і,7
1065,рок яшчэ бол,7
1066,окі еўрасаюза як,10
1067,вых санкцый у,5
1068,уды пералічваліся гро,9
1069,амі аднаго са,9
1070,алы алёна янк,6
1071,нне дазволена тол,8
1072,юра выканана ў,5
1073,юра стала пер,6
1074,юры будуць уво,5
1075,юры намаляваны маг,11
1076,рса віцебскага дзя,5
1077,рса факультэта мен,11
1078,рсе нацбанка на,8
1079,рын эштан дад,4
1080,рын эштан рас,4
1081,рын эштан ска,4
1082,маў перавышае лет,11
1083,нне транспартнымі сро,10
1084,ння валавым зне,5
1085,ння знешнім доў,6
1086,нік дзяржавы адз,9
1087,нік дзяржавы заб,9
1088,нік камітэта звя,9
1089,іка нацыянальнага бан,10
1090,коў прадпрыемстваў рэа,11
1091,коў ячэек выя,6
1092,ікі рэгіянальных ячэ,10
1093,ючы орган рад,4
1094,пам гэтай кам,5
1095,екі прадаюцца ў,9
1096,екі разам з,5
1097,кім раёне ў,6
1098,яга конкурсу азе,5
1099,тні расклад рэй,9
1100,нім раскладзе рэй,9
1101,ікі прымусу і,6
1102,нку зрабіць кро,8
1103,нкі ніяк не,6
1104,юбы момант пры,5
1105,юбы разважны пал,8
1106,яць сваю кра,7
1107,яць усё кан,6
1108,дзі адчулі пал,7
1109,ага даверчыя гра,7
1110,тым беларусы ў,9
1111,тым гэтага год,5
1112,тым зарплата пав,9
1113,тым намінальная нал,9
1114,тым прэзідэнт бел,10
1115,гка знайсці пры,6
1116,нне ўдзельнікаў кон,7
1117,дар грамадзянскай кам,11
1118,ара аляксандра лук,9
1119,іку інфармацыю аб,10
1120,тве абмеркаванні пра,12
1121,твы аўдронюс ажу,8
1122,ыць важнай пер,5
1123,ыць сярэднюю зар,7
1124,ыць уладзімір няк,9
1125,ага хутчэй уве,8
1126,гла адразу ўсё,7
1127,глі выбіраць рэй,9
1128,глі пакінуць кве,5
1129,глі рэальна аца,6
1130,агу даволі без,7
1131,агу цалкам без,5
1132,ыма нават цал,5
1133,ага ўраджаю пры,9
1134,сць зарабіць нар,9
1135,сць стварэння на,9
1136,сць узмацнення дып,10
1137,ямі эканомікі бел,8
1138,сці беларусі і,9
1139,сці вылучэння ў,9
1140,сці нашы еўр,5
1141,мых інструментах мін,11
1142,нка алена лан,6
1143,скі абласны мас,10
1144,ным бізнесам звя,5
1145,мае намер пра,5
1146,мае намер пра,7
1147,мае намер уве,5
1148,мае намеру абм,7
1149,мае ніякіх асн,6
1150,мае свае пра,7
1151,най сітуацыі ў,8
1152,ьна магчымага ўра,8
1153,дых людзей пры,8
1154,дыя вучоныя і,7
1155,таж пастаяннага мем,9
1156,ару адкрыць сва,8
1157,ару працаваць у,10
1158,кай музей ім.,7
1159,маю праблему з,9
1160,юць дачыненне да,9
1161,юць кантакты ў,8
1162,юць намер пра,5
1163,юць намер пры,7
1164,юць намер уне,5
1165,чых адбыцца пла,7
1166,аіх сяброў бел,8
1167,жах кліматычнай нор,10
1168,жах сярэдніх шма,7
1169,іта асабістая пом,8
1170,іта гэтую сум,5
1171,іта гэтыя дзв,5
1172,іта дакладнае зем,8
1173,нту беларускага дзя,9
1174,рам нацбанка і,8
1175,еры дапамогуць заб,9
1176,еры нацбанка буд,8
1177,еры пакарання за,9
1178,цах адпачынку ля,9
1179,сцы трагедыі был,8
1180,іяй міжнароднага вал,10
1181,тро дзмітрыю кан,7
1182,тро уладзіслава кав,12
1183,ных прагнозаў рэс,9
1184,мзс краін ес,7
1185,мзс краін еўр,7
1186,мне атрымалася нат,9
1187,мне будзе дас,5
1188,мне гэта не,5
1189,мне паступіла нек,10
1190,мне раней не,7
1191,мне расказвалі аб,8
1192,гіх дзіцячых уст,8
1193,гіх краінах еўр,7
1194,тва званкоў з-з,9
1195,мнс ачысцілі гар,6
1196,ова зусім не,7
1197,ова мёртвая і,5
1198,ова падобная да,7
1199,ожа вяршыцца за,8
1200,ожа дазволіць ска,8
1201,ожа здарыцца ўжо,6
1202,ожа размаўляць па-,11
1203,жна размаўляць пра,11
1204,ант прыняць раш,8
1205,цны вецер абр,5
1206,цны палітычны і,9
1207,ную сітуацыю ў,8
1208,ына гуляў па,7
1209,чны прадзюсер і,9
1210,мы асуджаем гэт,8
1211,мы вельмі аку,4
1212,мы выказваем сва,6
1213,мы вымушаны неа,4
1214,мы жывыя і,6
1215,мы маглі б,7
1216,мы пасылаем адн,8
1217,мы прапануем інт,9
1218,мы прынялі раш,7
1219,мы робім гэт,4
1220,мы стараемся ўлі,7
1221,мы таксама пав,7
1222,мы часта рух,4
1223,тай вывучэння маг,9
1224,эты кіраўнік дзя,10
1225,яне паверылі блі,7
1226,ага валютнага фон,7
1227,ага міжуніверсітэцкага кон,16
1228,ага пакта аб,5
1229,ным конкурсе пес,5
1230,ымі арганізацыямі гэт,11
1231,ных справах еўр,7
1232,ных фінансавых арг,7
1233,ныя фінансавыя арг,7
1234,ага конкурсу гра,5
1235,ных угнаенняў і,8
1236,оды алена пен,6
1237,оды беларусі вым,9
1238,ску адбыўся 11,7
1239,ску было 22,5
1240,кім метро дзм,8
1241,кім метро ула,8
1242,кіх тэрарыстаў дзм,9
1243,лыя суткі на,5
1244,фін будуць пас,5
1245,нам парадку ўлі,7
1246,укі маглі пак,8
1247,аць апрацоўку гле,9
1248,цыі рызык зне,5
1249,стр аховы зда,6
1250,стр замежных спр,7
1251,тра аховы зда,6
1252,тра прыродных рэс,8
1253,тра інтэлектуальнай эка,13
1254,раў замежных спр,7
1255,тры абмяркуюць маг,10
1256,тва замежных спр,7
1257,тве эканомікі бел,8
1258,сій міжнародных фін,10
1259,на адным бак,6
1260,на асноўным рын,6
1261,на асобных зем,5
1262,на беларускай мов,8
1263,на беларускі пра,8
1264,на беразе бяр,4
1265,на віцебшчыне вец,4
1266,на гэтых люд,4
1267,на дакрызісны ў,7
1268,на дарогах бел,6
1269,на дарогах кра,6
1270,на думку аўд,4
1271,на думку ула,4
1272,на дыпламатычныя кры,11
1273,на запаволенне інф,8
1274,на зніжэнне пас,5
1275,на каверзныя пыт,4
1276,на канструктыўны дыя,12
1277,на кастынг кон,4
1278,на конкурс пае,4
1279,на летні рас,4
1280,на месцы тра,4
1281,на месяц ва,4
1282,на мове сва,4
1283,на навакольнае ася,8
1284,на некаторы час,8
1285,на некаторых пра,4
1286,на нядаўнім сам,6
1287,на падтрыманне цэн,10
1288,на пасяджэнні кам,9
1289,на пасяджэнні сав,6
1290,на пасяджэнні сав,9
1291,на прадпрыемствах бел,10
1292,на прапановы бел,9
1293,на працягу год,7
1294,на працягу нек,7
1295,на просьбы сяб,5
1296,на прыведзены ў,7
1297,на разглядзе зна,8
1298,на разглядзе кам,8
1299,на раўнапраўных умо,10
1300,на самой спр,4
1301,на стандартным узр,8
1302,на станцыю мет,5
1303,на станцыі мет,5
1304,на сустрэчы кір,8
1305,на сябе адз,6
1306,на тавары і,6
1307,на тэлеграфе існ,9
1308,на тэрыторыю еўр,8
1309,на тэрыторыі бел,8
1310,на тэхналогіі пра,9
1311,на шляху да,7
1312,на яго сле,5
1313,на яе адв,4
1314,на якой ста,5
1315,на якім узр,5
1316,на ўваходзе на,7
1317,на ўвядзенне рэа,8
1318,на ўзровень нам,3
1319,"на ўзроўні 2,6",6
1320,на ўмовах ана,5
1321,на ўнутраным вал,5
1322,на ўсталяванне асо,10
1323,ццё акцый стр,4
1324,ццё акцый сум,4
1325,ага асяроддзя віт,8
1326,нае асяроддзе ў,8
1327,ват падтрымка кра,9
1328,ват цалкам зам,8
1329,ага цэнтра нан,5
1330,вай рабоце нав,7
1331,вай рабоце і,7
1332,выя дасягненні бел,10
1333,укі былі пры,7
1334,вае сітуацыю ў,8
1335,оды астравецкай аэс,10
1336,оды будаўніцтва аэс,10
1337,над беларускімі пал,9
1338,над попытам на,5
1339,над якімі мы,6
1340,сць выкананне кір,9
1341,льш актыўных яе,7
1342,шая юрыдычная кар,8
1343,ерш хачу ста,7
1344,най рашучасці ў,7
1345,най сярэдняй зар,7
1346,ная сярэднямесячная зар,12
1347,ная сярэдняя зар,7
1348,ная сярэдняя зар,7
1349,аны калаж з,7
1350,аны магілёўскі абл,9
1351,мер праводзіць дву,8
1352,мер працягваць пра,8
1353,мер працягнуць паш,11
1354,мер прывесці пак,8
1355,мер увесці нов,6
1356,мер унесці кал,6
1357,еру абмяжоўвацца ўве,9
1358,нік генеральнага дыр,9
1359,нік міністра пры,7
1360,іка генеральнага дыр,9
1361,кам міністра інт,7
1362,най налічанай сяр,7
1363,ная налічаная сяр,7
1364,нан беларусі па,9
1365,каў яе ўда,5
1366,дні алімпійскіх гул,9
1367,ныя грошы для,6
1368,цыі адносін і,7
1369,род размаўляў па-,11
1370,нас амаль уве,6
1371,нас беларускай вуч,9
1372,нас вельмі важ,5
1373,ных пунктаў зас,5
1374,ных пунктаў у,5
1375,ным разам я,5
1376,рач беларускаму рэж,9
1377,анк беларусі ана,9
1378,анк праводзіць ана,8
1379,нка будуць нак,5
1380,нку гэтую дын,5
1381,нку звяртаюць ува,9
1382,ага агенцтва інв,6
1383,ага банка бел,5
1384,ага банка над,5
1385,ага фіналу між,7
1386,нае агенцтва інв,6
1387,ным агенцтвам інв,6
1388,ных касцюмах і,8
1389,нік аддзела мет,8
1390,нік аддзела інф,8
1391,нік упраўлення інф,10
1392,ная тэмпература ў,12
1393,шай агульнай мэт,6
1394,шай краіне ўла,7
1395,ашу краіну ў,7
1396,ашы еўрапейскія пар,9
1397,ашы кліенты маг,7
1398,шых пасажыраў і,9
1399,не аддавалі спр,8
1400,не бачыць неа,4
1401,не будуць мян,4
1402,не было нія,6
1403,не былі пар,4
1404,не ведаеш доб,4
1405,не ведаю дак,4
1406,не веру ў,4
1407,не выдаюць цел,7
1408,не дапусціла бел,9
1409,не з'яўляюцца адз,8
1410,не забяспечыць яму,9
1411,не закрануць кам,9
1412,не змагла пра,5
1413,не змаглі яго,8
1414,не любяць рус,4
1415,не магла з,7
1416,не магла зра,7
1417,не магла пад,7
1418,не маглі рэа,7
1419,не мае нам,4
1420,не мае нія,4
1421,не мае роз,4
1422,не можа быц,4
1423,не можа вяр,4
1424,не можа вяр,4
1425,не можа раз,4
1426,не паведамляюць мес,11
1427,не пагаршаць няп,9
1428,не пазбавіцца ўкл,7
1429,не пайшоў на,7
1430,не пакінула сва,6
1431,не планую звя,7
1432,не прагназуюць ана,10
1433,не праявіў нал,8
1434,не проста пав,5
1435,не прынясе ана,9
1436,не размаўляе на,10
1437,не рэагуе на,7
1438,не рэагуючы на,7
1439,не спрыяюць выр,7
1440,не спынялі сва,7
1441,не такая ўжо,6
1442,не такія мёр,6
1443,не толькі для,4
1444,не толькі пыт,4
1445,не толькі эру,4
1446,не хапала ўпэ,6
1447,сці беларусь мож,9
1448,дна прыступіць да,11
1449,дна ўвесці мар,6
1450,нні беларускім бок,9
1451,ных фінансавых апе,7
1452,кія асновы бел,7
1453,ькі дзясяткаў тыс,8
1454,ькі прапаноў ад,10
1455,ькі сірыйскіх інв,7
1456,рых прадпрыемствах зар,11
1457,рыя банкаматы бан,10
1458,ага высокапастаўленага пра,14
1459,нны судовы раз,7
1460,най сустрэчы кір,9
1461,вай фінансавай пір,7
1462,вая купюра ста,7
1463,вую банкноту 12,9
1464,вую версію пес,5
1465,выя купюры буд,7
1466,выя напрамкі пал,8
1467,выя санкцыі суп,5
1468,вік высвятлялі апо,11
1469,нім саміце ў,5
1470,яеў разглядае кро,11
1471,тыя адносіны з,7
1472,ных выпадкаў у,5
1473,кай інжынірынгавай кам,9
1474,кіх асноваў са,7
1475,кіх праблемаў іх,9
1476,ган рады еўр,5
1477,яны мужчына гул,8
1478,па адчувальных для,8
1479,па ажыццяўленні кан,11
1480,па беларускім тэл,8
1481,па будаўніцтве бел,9
1482,па бульбаводстве і,10
1483,па вонкавым аба,4
1484,па выпуску лек,4
1485,па вырашэнні спр,8
1486,па вырашэнні спр,8
1487,па віцебскай воб,4
1488,па гродзенскай воб,5
1489,па дадзеных бел,7
1490,па дадзеных сле,4
1491,па даручэнні пра,8
1492,па досведзе так,4
1493,па дэпазітах у,8
1494,па задуме арг,6
1495,па замежных спр,6
1496,па збліжэнні бел,8
1497,па земляробстве дзм,9
1498,па курсе нац,4
1499,па летнім рас,4
1500,па лёдзе ў,4
1501,па метадалогіі мвф,10
1502,па міжнародных спр,9
1503,па навуковай раб,8
1504,па паведамленнях еўр,11
1505,па паведамленні укд,11
1506,па пагашэнні і,8
1507,па правах чал,7
1508,па прасоўванні ган,10
1509,па пытаннях ввд,6
1510,па рэалізацыі кан,9
1511,па словах але,5
1512,па словах віц,7
1513,па словах лід,5
1514,па словах мін,5
1515,па словах пра,7
1516,па словах экс,5
1517,па стварэнні сум,8
1518,па сусветных мер,7
1519,па сцэне ажн,5
1520,па тонкім лёд,4
1521,па інфармацыі даі,9
1522,па інфармацыі нам,9
1523,па ўліку ввд,5
1524,цку друкаваліся кні,10
1525,цку прапаведвалі ў,10
1526,цаў выйсці на,5
1527,нях еўрапейскіх дып,9
1528,ляе беларуская слу,9
1529,юць месца іх,5
1530,міў намеснік ген,7
1531,ылі блізкія люд,6
1532,тра прагрэецца да,9
1533,дле аператыўных дад,10
1534,дле афіцыйнай ста,8
1535,дле дасягнутых дам,7
1536,дле прагнозаў бел,9
1537,дле справаздачы нац,12
1538,дле яго сло,6
1539,дле яе сло,5
1540,нне інфармаванасці кір,12
1541,ння якасці ана,4
1542,вае колькасць рэй,5
1543,вае частату вык,10
1544,нна была рас,7
1545,нны вызваліць гэт,5
1546,нны выйсці на,5
1547,нны дазволіць ім,8
1548,нны накіраваць ва,11
1549,нны прыйсці да,6
1550,аць няпростыя адн,8
1551,пад асаблівым кан,9
1552,пад мужчынам пра,8
1553,пад нумарам 19,5
1554,пад пастаяннай аку,9
1555,ала адпаведныя дак,9
1556,ння прадуктовага кош,11
1557,ючы адпаведную інф,9
1558,нні пашкодзіў сто,8
1559,ваў беларусаў і,9
1560,ася студэнтка трэ,8
1561,ліў дзмітрый луж,7
1562,ныя дакументы існ,9
1563,ныя парушэнні з,9
1564,ала мемарандум аб,9
1565,вае смяротныя пры,8
1566,ўку прагнозу аб,9
1567,туе рэкамендацыі па,12
1568,нне цэнавай і,5
1569,мка крамля не,9
1570,мку сірыі ў,5
1571,мкі відавочна нед,9
1572,час конкурсу яны,5
1573,час нефармальнай сус,10
1574,час разгляду ска,9
1575,дзе магіляўчанка але,9
1576,нні нашых пас,5
1577,жар нацыянальнага адр,10
1578,цца ўкладзеных ран,7
1579,ней з'явілася інф,8
1580,зык арганізацыямі з,11
1581,цыю вельмі ясн,5
1582,цыя камітэта па,9
1583,чык прадукцыйнасці пра,11
1584,каў сведчыць аб,6
1585,каў эканамічнай бяс,10
1586,нне штрафам да,7
1587,ння з'яўляецца пар,9
1588,ння уладзіслава кав,12
1589,нні дзмітрыя кан,7
1590,ькі скарга ула,6
1591,ула сваю іні,7
1592,уць кветкі і,6
1593,няў канвенцыі эсп,8
1594,ага дзяржаўнага ўні,9
1595,ова красавіка пар,8
1596,оне канфліктнага мыс,9
1597,нне сітуацыі ў,8
1598,нем стану зне,6
1599,няў стане ўжо,6
1600,тык зойме бок,5
1601,ыку еўрасаюза ў,10
1602,ыкі знаходзяцца ў,8
1603,ыкі сацыяльна-эканамічнага раз,20
1604,ыцы бяспекі кэт,8
1605,ную волю ўрэ,5
1606,чны сігнал адн,8
1607,ных лідараў еўр,5
1608,між беларуссю і,9
1609,між гэтымі дву,5
1610,між мінскам і,5
1611,ала нервовая абс,8
1612,сіў беларускія ўла,9
1613,кіх зборных бел,6
1614,дку ўліку і,6
1615,дуе беларусаў цёп,9
1616,ьны палітычны сіг,9
1617,ёры былі заг,7
1618,нем міжнароднага пак,10
1619,нні дамовы па,7
1620,нні міжнародных аба,10
1621,нні сваіх юры,7
1622,ваў ветру сіл,5
1623,лоў дзевяці дзя,10
1624,сля прывядзення ў,11
1625,ова таксама пра,8
1626,ове савета мін,7
1627,нна прыцягваць між,8
1628,най мэты кір,7
1629,ала мноства зва,6
1630,сыл беларускаму бок,9
1631,лае вельмі ясн,5
1632,лае ясны сіг,4
1633,аем адны і,7
1634,нні камітэту па,9
1635,нні савет мін,7
1636,нні савета мін,7
1637,ула шасцігадовая дзя,12
1638,лых былі ў,7
1639,нне сіноптыкі пра,7
1640,юць супрацьпраўны хар,13
1641,ала кампанію суп,8
1642,алі карыстацца бел,10
1643,алі мантаж пас,8
1644,кам года ўма,5
1645,тку года бел,5
1646,тку правядзення ў,11
1647,аць размаўляць па-,11
1648,аны дахі дву,5
1649,рыў візавыя і,5
1650,рыў санкцыі ў,5
1651,нне кропкавых сан,6
1652,нні санкцый суп,5
1653,вай карэі dae,7
1654,вая карэя хоч,7
1655,юль чула тол,5
1656,але выступяць так,5
1657,пдр прыцягнулі 707,11
1658,язь абвінаваціла літ,11
1659,най доляй дзя,5
1660,сці сродкі з,6
1661,кам алімпійскіх і,9
1662,нне хуткасці да,5
1663,нем прапановы зам,10
1664,яла гэтую сум,5
1665,жца леташняга кон,10
1666,ывы нармалізацыі адн,12
1667,ывы інвестсупрацоўніцтва бел,16
1668,ўны кірунак не,7
1669,шай беларускай кас,9
1670,шай віцэ-каралевы вяс,14
1671,іца факультэта бан,7
1672,іца эканамічнага фак,10
1673,шая палова кра,7
1674,шую чаргу дзі,8
1675,шую чаргу паж,8
1676,ршы віцэ-прэм'ер бел,14
1677,ршы намеснік мін,7
1678,шым крокам на,6
1679,шым паўгоддзі 201,8
1680,шым пратэставаў бан,13
1681,шых датах кра,5
1682,ыяд авіякампанія пав,12
1683,ыяд адпачынкаў наш,9
1684,ным конкурсе буд,8
1685,сні адмыслова для,10
1686,лан мерапрыемстваў па,11
1687,лан уключае раз,9
1688,нні будаўніцтва аэс,10
1689,нуе забараніць пас,11
1690,нуе перайсці да,7
1691,ную звязваць жыц,6
1692,юць заключыць паг,8
1693,юць закупіць у,7
1694,юць заняцца сум,7
1695,юць звязаць сва,8
1696,тве вадзіма мах,8
1697,піс цяперашняй кір,7
1698,ага дзяржаўнага ўні,9
1699,ста дыктавала ары,10
1700,тым удзельнічала ў,7
1701,уку формулы пры,5
1702,ўны пераход да,9
1703,пра аэс пад,5
1704,пра гэта 21,5
1705,пра гэта 23,5
1706,пра гэта гав,5
1707,пра гэта пав,5
1708,пра гэта пав,5
1709,пра гэта рас,5
1710,пра несумленны суд,10
1711,пра палітыку еўр,7
1712,пра перамогу не,9
1713,ема вызвалення бел,10
1714,ема працаўладкавання мол,16
1715,еме вызвалення пал,10
1716,вах чалавека аан,9
1717,вах чалавека з,9
1718,вах чалавека з'я,9
1719,вах чалавека ў,9
1720,най спецаперацыі кан,12
1721,цца апытанні най,8
1722,іць аналіз зне,6
1723,іць двухбаковыя кан,11
1724,ння збалансаванай мак,13
1725,нні двухбаковых кан,11
1726,цца банкаўскія рах,5
1727,вёў перамовы з,9
1728,віл абгону і,7
1729,лаў дарожнага рух,7
1730,ьны адказ тут,7
1731,юць анамальнага кра,8
1732,ноз будзе ўда,5
1733,ноз з'яўляецца пап,9
1734,зам гідраметцэнтра рас,13
1735,заў беларускіх сін,9
1736,заў рэспубліканскага гід,13
1737,озы сіноптыкаў на,7
1738,вах беларускай пра,9
1739,вах заробак пер,7
1740,ваў рэальнага сек,6
1741,яць нашу кра,5
1742,іць выразных тлу,7
1743,яць беларусь у,9
1744,нік уус гом,5
1745,іка рэгіянальнай ячэ,10
1746,коў афіцыйнага мін,8
1747,коў прыняць удз,8
1748,ана пакаранне сме,9
1749,вае распрацоўку мін,11
1750,вае складанне спр,9
1751,юць забарону на,9
1752,ага кошыка пры,5
1753,ала свае хар,7
1754,рую гледачам лац,10
1755,зду пешаходных пер,9
1756,кту будаўніцтва бел,10
1757,кты дадзеных аэс,5
1758,раз ліставанне са,10
1759,раз тысячу гад,5
1760,сці складзе кал,7
1761,цам сярэднюю зар,7
1762,мых замежных інв,7
1763,алі паўдзельнічаць у,9
1764,вай лукашэнку зра,9
1765,овы замежнай вал,7
1766,овы яны пав,4
1767,уем інтэрв'ю чэш,11
1768,ння тэлефонных зва,9
1769,нні гандлю і,5
1770,ваў банкаўскае абс,5
1771,аць разам з,5
1772,ння моладзі пра,7
1773,ацы місій між,5
1774,ных ставак па,6
1775,аць гэта раб,5
1776,аць праводзіць гра,8
1777,уць паляпшэнне сіт,10
1778,уць пашырэнне кро,9
1779,ягу некалькі гад,5
1780,віў належнай раш,7
1781,ста павінны вый,7
1782,ьбы сяброў вяр,8
1783,пры гэтым для,5
1784,пры гэтым спо,5
1785,пры гэтым сір,5
1786,пры гэтым хар,5
1787,пры дапамозе гал,9
1788,пры дапамозе пер,9
1789,пры мінімуме выд,5
1790,пры падзенні паш,8
1791,пры планаванні буд,10
1792,пры рэгістрацыі ўдз,11
1793,пры сварцы з,6
1794,цыі беларусі і,9
1795,цыі дзмітры кле,7
1796,сці паказчыкі па,7
1797,вёў дадатнае сал,7
1798,уні дэфіліравалі па,9
1799,жая студэнтка вуч,8
1800,ала ўпершыню ў,6
1801,ася першакурсніца фак,10
1802,ызы конкурсу адп,5
1803,аду віцэ-прэм'ер пры,14
1804,аць рашэнне зых,7
1805,ымі рашэнне і,7
1806,ялі рашэнне дзе,7
1807,ята рашэнне аб,5
1808,тым радай еўр,5
1809,тыя меры дап,5
1810,яць рашэнне і,7
1811,яць удзел у,7
1812,іць выкананне пак,9
1813,алі дзясяткі мёр,8
1814,ных рэсурсаў і,7
1815,ючы сабе нал,7
1816,уду асуджаным за,6
1817,уды толькі тым,5
1818,цца адзінай паз,7
1819,аць міжнародныя фін,10
1820,ння знешніх паз,6
1821,ння прамых зам,8
1822,"улі амаль 1,5",6
1823,ных напрамкаў раб,8
1824,ваў новую бан,5
1825,ваў інвестыцыйныя маг,12
1826,энт беларусі адм,9
1827,энт беларусі аля,9
1828,энт зацягне з,7
1829,нта краіны баш,7
1830,аты будуць дас,5
1831,тар мінпрыроды але,11
1832,тар міністэрства зам,10
1833,зіі літвы і,8
1834,іку збіраюся здз,8
1835,іцы шчаслівы эмо,9
1836,там прызначэння для,11
1837,таў засталіся без,10
1838,кту гледжання між,6
1839,нем еўрапейскай пал,9
1840,няў паміж бел,5
1841,нні будаўніцтва аст,10
1842,нні санкцый суп,5
1843,нае пахаладанне сін,11
1844,іды сяргея маў,8
1845,каў аховы зда,6
1846,"каў была 2,8",7
1847,ікі будуць атр,5
1848,оце навукова-вытворчага цэн,17
1849,ада еўропы раш,7
1850,дай еўрасаюза раш,10
1851,дам мясцовых біз,8
1852,раз звяртаецца да,9
1853,жны палітык зой,7
1854,ццё канфлікту пам,9
1855,ляд справы ула,7
1856,дае крокі еўр,6
1857,дзе знаходзіцца зак,8
1858,дзе камітэта па,9
1859,яду скаргі літ,6
1860,ыць свае сіл,7
1861,яць ужо тол,6
1862,эзе сектараў эка,5
1863,ючы практычна ўсё,9
1864,ках цяперашняга віз,7
1865,ней была сор,7
1866,ней кэтрын эшт,5
1867,ней перадаваў тэл,11
1868,ней сродкаў і,6
1869,ней яны ажы,6
1870,ала першакурсніца эка,10
1871,алі нашаму кар,5
1872,заў вадзім мах,8
1873,заў міністр ахо,7
1874,алі таксама пра,8
1875,іна высяваецца ў,9
1876,вёў ваэль аль,6
1877,вёў генеральны дыр,9
1878,іла пажар нац,7
1879,аны рэгламент вак,8
1880,нне алкаголю або,9
1881,ылі тэлеграфу ў,10
1882,уча асудзіў тэр,6
1883,нне дзейнічаць узг,6
1884,нне зыходзячы з,7
1885,нем рады ес,5
1886,ёне віцебскай воб,5
1887,ре заклікаў бел,9
1888,ре разам з,4
1889,бім гэта там,5
1890,ост дэпазітаў фіз,9
1891,ост рублёвых укл,8
1892,сту спажывецкіх цэн,10
1893,лёў паступіць у,10
1894,кія скралі ў,7
1895,мся дзесьці пам,6
1896,зык знешніх паз,6
1897,ьна ацаніць неб,4
1898,ага сектара аб,5
1899,ная заработная пла,9
1900,ную палітычную вол,9
1901,ным сектары эка,5
1902,ных працэнтных ста,8
1903,ных санкцый суп,5
1904,ных санкцый у,5
1905,цыі канцэпцыі кір,8
1906,цыі комплексу мер,5
1907,цыі падобных пра,7
1908,ент вакуумавання бул,12
1909,юць атрыманне эка,9
1910,цыі ўдзельнікаў стр,7
1911,ных ячэек пры,6
1912,рвы краіны пав,7
1913,саў практычна па,9
1914,цыі будуць тыч,5
1915,ага гідраметэацэнтра свя,15
1916,ікі карэя мун,7
1917,ыцы п'яны муж,6
1918,с пацярпелі 7,8
1919,са зручнымі сты,5
1920,са сваімі бел,6
1921,са славенскім і,7
1922,са спасылкай на,7
1923,са сталічных клу,7
1924,са студзенем на,5
1925,абе налічаныя на,7
1926,вет міністраў зам,7
1927,ета міністраў зам,7
1928,ета міністраў і,7
1929,іка дырэктар ніж,7
1930,іка еўрасаюз паш,10
1931,іка заявіў пер,8
1932,іка каля 20,7
1933,іка кампанія пад,8
1934,іка падчас неф,8
1935,іка патанула шас,9
1936,іка першы нам,5
1937,іка першым пра,5
1938,іка прэс-сакратар мін,6
1939,іка расказаў мін,8
1940,іка сваякі ула,7
1941,іка яны буд,6
1942,іку гэтага год,5
1943,ьда знешняга ган,6
1944,сам фінал уяў,7
1945,йна вывучылі бел,7
1946,мая прыгожая сту,8
1947,амы халодны кра,7
1948,амы цёплы кра,5
1949,мым далёкім пун,7
1950,мым цёплым кра,5
1951,мыя розныя кір,8
1952,амі знаходзяць сва,8
1953,іту кіраўнікоў мзс,12
1954,цый супраць бел,5
1955,цый супраць лук,5
1956,цыі адпраўляюць вел,11
1957,цыі супраць бел,5
1958,ўды пачалі кар,9
1959,ага развіцця кра,11
1960,ных паслуг у,5
1961,аюз зрабіў яшч,8
1962,вае прадстаўніцтвы ў,13
1963,вае прапановы яны,10
1964,вае сілы ў,5
1965,ваю пазіцыю вел,7
1966,ваю сцэнічную кул,8
1967,ваю чаргу нач,8
1968,ваю чаргу суп,5
1969,ваю ініцыятыву і,11
1970,кам пакараных не,9
1971,які уладзіслава кав,12
1972,аёй слаўнай гіс,6
1973,аёй харызмай і,5
1974,імі беларускімі сяб,9
1975,аіх дзеяннях і,7
1976,аіх сяброў я,8
1977,аіх юрыдычных аба,8
1978,еце апраўдваюцца ў,7
1979,вой гонар і,5
1980,мым ухіленні ад,8
1981,ана рыбакова 20,9
1982,ана рыбакова пад,9
1983,сем выхадаў на,5
1984,сем гадоў кра,7
1985,еул дырэктар нац,7
1986,ала кэтрын эшт,5
1987,заў аляксандр лук,9
1988,іць спажыванне пал,10
1989,рга уладзіслава кав,12
1990,ргі літвы аб,8
1991,нне справаздачы аб,12
1992,дзе каля 0,7
1993,дзе каля 500,7
1994,ала каля 11,5
1995,вах алены пен,6
1996,вах міністра ахо,7
1997,вах прадстаўніка бел,15
1998,хаю самыя роз,5
1999,рці свайго сын,9
2000,ага пакарання з'я,9
2001,ага прысуду асу,8
2002,нае пакаранне і,7
2003,ымі прысудамі ў,8
2004,ныя прысуды тол,8
2005,ныя прысуды ў,8
2006,жня гэтага год,5
2007,ана міхейцава з,7
2008,сон гынам і,7
2009,нне паліва на,5
2010,нна адказваць на,7
2011,цыі канфіскавалі бол,13
2012,ьна адведзеных і,7
2013,ага банкаўскага абс,5
2014,вах еўрапарламенту вяр,12
2015,авы знаходзіліся на,8
2016,авы палескага дзя,7
2017,авы уладзіслава кав,12
2018,раў беларусі анд,9
2019,раў краін ес,7
2020,раў краін еўр,7
2021,раў літвы аўд,8
2022,юць вырашэнню гэт,9
2023,чак беларусі і,9
2024,ных пытанняў пам,7
2025,ялі сваё існ,7
2026,ніў дзейнасць бел,6
2027,вак тэа і,5
2028,аць кампазіцыю з,10
2029,піс уваходзяць ўжо,8
2030,амі беларускіх гра,9
2031,ным мерам нац,5
2032,ала першай у,5
2033,ала студэнтка чац,8
2034,ных клубаў пан,6
2035,ане ап'янення зат,4
2036,ане самым дал,5
2037,ане справай гон,7
2038,цца атрыманне мак,9
2039,чых тэндэнцый ў,8
2040,ану знешняга ган,6
2041,мся ўлічваць у,6
2042,рую таблічку і,8
2043,ыня камітэта зон,9
2044,най справаздачнасці па,12
2045,аць першым кро,5
2046,аць спецыялістам у,11
2047,іць подпіс цяп,5
2048,ння сумесных пра,7
2049,нні сумесных пра,7
2050,іях кіравання зне,9
2051,уры абумоўленую сум,8
2052,уры падманвалі і,8
2053,нем гэтага год,5
2054,ені гэтага год,5
2055,"ені склала 1,9",7
2056,тка вучыцца ў,5
2057,тка трэцяга кур,6
2058,тка чацвёртага кур,8
2059,ных нацыянальных кас,10
2060,язі сярэдняя зар,7
2061,суд беларусі пры,9
2062,овы разглядзе яго,9
2063,най пастанове сав,10
2064,ным выпускам лек,5
2065,ных прадпрыемстваў з,11
2066,ных прадпрыемстваў па,11
2067,іся ўстойлівым пер,7
2068,нне замежнай экс,7
2069,ікі офіса ммм,4
2070,аць лукашэнкі ес,9
2071,аць смяротнага пак,8
2072,аць якіх дзе,6
2073,ўны характар дзе,7
2074,аць нашай агу,5
2075,ную заклапочанасць пры,10
2076,ныя парушэнні сва,9
2077,ныя эканамічныя сан,10
2078,ных мерках пак,5
2079,эла беларускамоўных люд,14
2080,хія малочныя сум,7
2081,рах транспартнай інф,6
2082,еры грамадскага хар,8
2083,еры сацыяльных пас,8
2084,еры транспарту і,6
2085,эне ажно пяц,7
2086,ябе адзенне са,7
2087,ябе адчувалі чэх,9
2088,ябе лічыць важ,5
2089,роў беларускую вед,9
2090,нюю зарплату ў,9
2091,няй заработнай пла,5
2092,ная зарплата скл,9
2093,няя заработная пла,9
2094,няя зарплата на,9
2095,няя зарплата раб,9
2096,няя зарплата скл,9
2097,няя тэмпература скл,12
2098,нім атрымлівалі 370,7
2099,нім складзе кал,10
2100,ета пройдзе ў,6
2101,ння вашай ува,5
2102,ння ніхто ўжо,8
2103,ння прадэманструю гле,15
2104,нал адносна таг,7
2105,ыкі прагназуюць у,11
2106,кіх афіцыйных асо,8
2107,кіх інвестараў вык,7
2108,кія кампаніі пла,8
2109,кія лекі пра,5
2110,рыю цікавіць бел,7
2111,рыя вывучаюць маг,9
2112,рыя плануюць зан,8
2113,рыя хоча вып,7
2114,рыі ваэль аль,6
2115,эме аналізу зне,6
2116,эмы кіравання вал,9
2117,цыя зусім змя,7
2118,ады сярэднямесячная тэм,12
2119,кой магчымасці наш,10
2120,ама адзначаюць узм,10
2121,ама адкрывае нов,10
2122,ама атрымала пер,9
2123,ама беларусь і,9
2124,ама будуць зап,5
2125,ама былі пры,5
2126,ама міністры абм,7
2127,ама павінны пры,7
2128,ама падзякаваў бел,8
2129,ама пасылае вел,9
2130,ама прадугледжвае рас,15
2131,ама прадугледжвае скл,11
2132,ама святлоадбівальных эле,15
2133,ама сірыю цік,5
2134,ама ўзяла пер,6
2135,кія дзеянні суп,7
2136,кія запыты з'я,5
2137,там таксама зая,8
2138,там таксама ўзя,8
2139,аму сумневаў у,8
2140,аму сёння пра,5
2141,аму экалагічна чыс,10
2142,аму яны не,6
2143,ныя калектывы пра,10
2144,чым конкурсе бол,5
2145,аць значным дад,6
2146,то яна хут,3
2147,ькі пытаннем еўр,7
2148,оны бульбы з,5
2149,дыі была ўст,7
2150,ныя сезонныя рэй,7
2151,ымі сродкамі ў,6
2152,рлн рублёў за,8
2153,тры градусы цяп,6
2154,эба гэта змя,5
2155,яга курса фак,5
2156,цяе месяца і,5
2157,ты будзеш шка,4
2158,тым ліку і,5
2159,тым ліку інф,5
2160,тым міністр зам,7
2161,ыс. налепак з,7
2162,ыс. рублёў пас,8
2163,ячу гадоў буд,7
2164,цца абодвух бак,6
2165,цца мінскіх тэр,5
2166,нні паведамілі аб,7
2167,афе існуе руб,7
2168,ных званкоў і,9
2169,май якога быў,6
2170,ура было ўся,7
2171,ура склала кал,7
2172,ныя рэкорды кра,7
2173,эмы навукі был,7
2174,акт усклалі на,8
2175,таў дзмітрыя кан,7
2176,ова перавесці сро,9
2177,рыю еўрасаюза і,10
2178,ыях абедзвюх кра,6
2179,рыі беларусі адк,9
2180,нне спецыялізаванага бан,15
2181,ага ўніверсітэта сня,13
2182,іям ураджай зас,9
2183,гіі прамога пас,8
2184,у абноўлены чор,5
2185,у адным з,2
2186,у адпаведнасці з,7
2187,у апошнія сем,4
2188,у асноўным у,5
2189,у афіцыйнай зая,6
2190,у банкаматы ў,8
2191,у беларускую эка,7
2192,у беларускім нар,7
2193,у беларусі быў,7
2194,у беларусі ско,7
2195,у беларусі суп,7
2196,у беларусі іду,7
2197,у беларусі ў,7
2198,у белых сук,3
2199,у большасці ням,7
2200,у брэсце і,4
2201,у бягучым год,5
2202,у вакуумнай упа,3
2203,у верхнядзвінскім раё,11
2204,у вызваленне пал,8
2205,у выніку выб,3
2206,у выніку гал,3
2207,у выніку гэт,3
2208,у выніку пра,3
2209,у выніку яго,3
2210,у галіне ўкл,7
2211,у гродне пас,4
2212,у гэтай пра,3
2213,у гэты пер,3
2214,у гэтым лет,3
2215,у гэтым пла,3
2216,у далейшым нац,5
2217,у дачыненні да,7
2218,у даі спа,4
2219,у другім паў,6
2220,у камітэт ска,7
2221,у камітэце мін,7
2222,у канцы мес,6
2223,у конкурсах пры,3
2224,у конкурсе пры,3
2225,у лагістычнай кам,8
2226,у лепельскім раё,3
2227,у лютага 201,3
2228,у лютым 201,3
2229,у лютым бел,3
2230,у лютым зар,3
2231,у лютым прэ,3
2232,у лютым у,3
2233,у многіх кра,4
2234,у мяне не,5
2235,у мяне ёсц,5
2236,у мяне ўсё,5
2237,у міжнародным кон,8
2238,у мінскай воб,3
2239,у мінску был,3
2240,у мінскім мет,3
2241,у нацбанку гэт,6
2242,у нацбанку звя,6
2243,у нацбанку так,6
2244,у нацыянальнай вал,8
2245,у нацыянальнай і,8
2246,у нашай кра,3
2247,у памяць аб,3
2248,у параўнанні з,8
2249,у парламенце на,6
2250,у парушэнні між,7
2251,у першую чар,3
2252,у першым паў,3
2253,у першых дат,3
2254,у перыяд адп,5
2255,у песенным кон,3
2256,у праблеме выз,7
2257,у праводзіцца ў,6
2258,у рамках цяп,3
2259,у рэальным сек,4
2260,у рэалізацыі пад,8
2261,у рэчыцы п'я,3
2262,у сваю чар,5
2263,у сваёй вну,4
2264,у сваёй воб,5
2265,у сельскай гас,3
2266,у снежні 201,4
2267,у студзені гэт,4
2268,у студыі гук,4
2269,у сувязі з,3
2270,у сферы тра,4
2271,у сярэднім на,5
2272,у такіх кон,5
2273,у тэракце ў,5
2274,у ходзе віз,3
2275,у ходзе доп,3
2276,у цяперашні час,5
2277,у школе нас,4
2278,у якасці пры,2
2279,у якой зая,4
2280,у якой мін,4
2281,у якой усё,4
2282,у якім мне,4
2283,у якім пав,4
2284,у якіх адз,4
2285,у інтэлектуальным кон,11
2286,у іншыя кра,2
2287,ана каля 11,7
2288,сці мараторый на,9
2289,сці новыя сан,5
2290,есь народ раз,7
2291,іць традыцыйныя сез,10
2292,нні дадатковых сан,10
2293,зел непасрэдна ў,10
2294,лам карэйскага кап,7
2295,амі якога з'я,6
2296,ніц нацыянальнага фін,10
2297,ужо перадаваў тэл,11
2298,ужо прыступіла да,11
2299,ужо толькі па-,5
2300,ння мінеральных угн,9
2301,ўшы гэтую мер,5
2302,нне можа быц,5
2303,нне ашчадных пра,7
2304,ння дыпламатычнага ціс,12
2305,іць кантроль за,9
2306,нем рэальных пра,6
2307,чае разгляд у,9
2308,ючы сухія мал,7
2309,мір някляеў ліч,8
2310,мір някляеў раз,8
2311,мір сямашка адз,7
2312,ава кавалёва атр,9
2313,ава кавалёва буд,9
2314,ава кавалёва кам,9
2315,ава кавалёва пач,9
2316,ава кавалёва і,9
2317,ава кавалёву і,9
2318,ады беларусі як,9
2319,кам нацыянальных аса,10
2320,кам палітыкі сац,7
2321,кам росту спа,5
2322,ючы адсутнасць у,7
2323,нне стасавацца з,10
2324,сці каля 10,7
2325,ння інфармацыі бел,10
2326,ены беларускі лід,9
2327,цца менавіта ў,9
2328,рад абяцае пра,8
2329,жай застаецца на,9
2330,усе дзяўчаты з’я,9
2331,усе меры нац,5
2332,юць мемарыял у,10
2333,усё будзе лёг,5
2334,усё гэта трэ,5
2335,усё паказвала на,7
2336,усё ўпіраецца ва,8
2337,уус гомельскага абл,5
2338,ляў тэатралізаванае пра,15
2339,чна дэзінфармуе між,13
2340,эта банкаўскай спр,5
2341,эта беларуска-расійскага ўні,17
2342,эта менеджменту бел,5
2343,онд заклікае бел,10
2344,нал уяўляў тэа,8
2345,але конкурсу 26,5
2346,але міжнароднага кон,10
2347,алу міжнароднага між,10
2348,вай піраміды сяр,9
2349,вым плане ўзр,6
2350,вых аперацый і,8
2351,выя арганізацыі для,11
2352,дны красавік у,10
2353,ала ўпэўненасці ў,6
2354,тар дзеянняў з,6
2355,елі сябе ліч,7
2356,дзе візіту бел,7
2357,дзе допытаў кір,5
2358,дзе праведзенай спе,8
2359,оць нейкія асн,5
2360,оць па-беларуску не,12
2361,оча выпускаць лек,10
2362,хто хацелі сяб,7
2363,чэй увесці мар,6
2364,ных сродкаў аба,6
2365,яны франтон пры,9
2366,кам замяніць вор,9
2367,ела уладзіслава кав,12
2368,туе віцэ-прэм'ера бел,14
2369,ага офіса ў,4
2370,гне пакаранне штр,9
2371,пер становіцца атр,8
2372,пер убрана кал,7
2373,яга візіту ў,7
2374,няй кіраўніка нац,12
2375,шні красавік не,8
2376,ных плашчах з,6
2377,плы красавіка выд,12
2378,лым красавіцкім днё,10
2379,ці каля 350,6
2380,іць беларускае дзі,9
2381,аго патрабуе ад,10
2382,няў пачынаць адп,7
2383,век атрымалі ран,7
2384,век загінуў і,7
2385,ека аан вык,4
2386,ека аан яшч,5
2387,ека з'яўляецца адн,9
2388,аму літоўскі бок,7
2389,аму яны гав,6
2390,аму яны мне,6
2391,ргу дзіцячага і,8
2392,ргу начальнік адд,7
2393,ргу пажаданні наш,9
2394,ргу супрацоўнікі укд,10
2395,час займацца тво,8
2396,час сірыйскія лек,7
2397,ста рухаемся дзе,5
2398,ату выканання пал,9
2399,ату выканання рэй,9
2400,тка жылога дом,7
2401,тка канкурсантак пра,11
2402,тцы іншых сек,4
2403,ёра сяброў не,8
2404,ага курса віц,5
2405,ула вельмі дзі,5
2406,ула толькі рас,5
2407,чые справы зна,7
2408,чым беларуская мов,7
2409,чым гэтыя рэк,5
2410,чым плануюць звя,8
2411,чым яна мян,6
2412,тая бульба буд,5
2413,ючы біблію ў,5
2414,чыя дзейнасць рас,6
2415,эхі пасля 196,8
2416,кая мова ды,5
2417,кая мова ліч,5
2418,кая мова мёр,5
2419,нец паказаць не,9
2420,олы былі ням,7
2421,лях перамагчы сво,12
2422,хам арганізацыі пра,11
2423,мат маіх сяб,5
2424,шоу знаходзіліся ў,8
2425,мен дзмітрый нов,7
2426,што амбасадарам ес,11
2427,што беларуская мов,9
2428,што беларускі бок,9
2429,што беларусь зна,9
2430,што большасць пат,5
2431,што буду ўдз,5
2432,што гэта не,5
2433,што гэта нен,5
2434,што гэты пас,5
2435,што гэты пра,5
2436,што дачакаемся час,9
2437,што еўрапейскі саю,9
2438,што калі бел,7
2439,што калі вы,7
2440,што кожны бел,5
2441,што крызіс у,6
2442,што кіраўнікі мзс,12
2443,што любяць сва,5
2444,што літоўскі бок,7
2445,што лічыць сяр,5
2446,што мяне зац,7
2447,што нават за,7
2448,што найлепшы шля,8
2449,што наступным раз,8
2450,што новыя куп,5
2451,што павінна ста,7
2452,што падобныя пар,7
2453,што падпісвае смя,8
2454,што падчас раз,8
2455,што поўны пер,5
2456,што праблема пра,9
2457,што правільны адк,6
2458,што прынятыя мер,8
2459,што прысуд у,8
2460,што рада еўр,5
2461,што разгляд спр,5
2462,што распіванне алк,10
2463,што рускія скр,5
2464,што складае 370,9
2465,што смяротныя пры,8
2466,што сітуацыя ў,8
2467,што тычыцца мін,5
2468,што тэмпература ў,12
2469,што чэшская мов,5
2470,што шэраг эка,5
2471,што яе не,5
2472,што яны вел,6
2473,што яны здз,6
2474,што ўстанаўліваецца ў,9
2475,раг еўрапейскіх дзя,9
2476,раг эканамічных пак,10
2477,агу беларускіх гра,9
2478,чна чыстай пра,5
2479,чна чыстая бул,5
2480,ага земляробства пры,10
2481,ага факультэта бел,11
2482,ага ўніверсітэта мар,13
2483,най бяспекі па,8
2484,чны пасыл кра,7
2485,ных паказчыкаў све,7
2486,ныя санкцыі ес,5
2487,ікі рэспублікі кар,8
2488,сіі карэйскага біз,7
2489,рты кампаніі вал,8
2490,нне хаты не,5
2491,таў будынка муз,7
2492,ных стратэгіях кір,9
2493,тан расказала пра,10
2494,ныя прыгажуні дэф,10
2495,нае суправаджэнне зам,13
2496,ная карпарацыя паў,10
2497,рыя чыжа і,7
2498,я адказала ран,7
2499,я буду раз,3
2500,я бываю ў,5
2501,я была дру,3
2502,я ведаю пры,3
2503,я вельмі доб,3
2504,я вучуся пра,5
2505,я даволі хут,5
2506,я заўважыла з,6
2507,я магла адр,6
2508,я магу цал,3
2509,я ніколі не,5
2510,я прыехала ўпе,5
2511,я цалкам упэ,6
2512,я чула вел,3
2513,я яе дзі,2
2514,я яе нід,3
2515,я ўрэшце сус,4
2516,яго абгарадзілі мет,4
2517,яго загінулі 15,7
2518,яго прыведзены ў,8
2519,най бяспекі і,8
2520,яе 79-гадовы бац,9
2521,яе адваротным бак,8
2522,яе высадзілі бол,4
2523,яе дзіўнай зус,5
2524,яе нідзе не,7
2525,яе поўнай адм,5
2526,як адзначыла свя,7
2527,як адзначыў пра,7
2528,як гэта ско,4
2529,як добра жыв,4
2530,як мага хут,4
2531,як можа пад,4
2532,як паведамляў тэл,11
2533,як паведамілі на,6
2534,як паведамілі тэл,6
2535,як перадаваў тэл,10
2536,як раней пер,6
2537,як распавялі ў,11
2538,як растлумачылі тэл,10
2539,як сябе адч,6
2540,як ужо пер,5
2541,як яны гав,5
2542,сці аналізу ввд,6
2543,сці прыкладу віц,6
2544,кая пайшла да,5
2545,ога з'яўляюцца гра,9
2546,кое можа быц,5
2547,кой заяўляў пра,9
2548,кой мінчукі маг,10
2549,кой стаіць под,6
2550,кой усё буд,6
2551,кую будуць мал,5
2552,які адпачываў 18,11
2553,які аказвала на,6
2554,які атрымаў ука,9
2555,які атрымаў хоц,9
2556,які знаходзіцца з,8
2557,які праходзіў ў,8
2558,які пройдзе 22,6
2559,які пройдзе 24,6
2560,які стане сам,6
2561,які сёлета про,7
2562,кім забаронены ўез,9
2563,кім ставіцца ў,6
2564,імі яна бач,6
2565,кіх адзін чал,7
2566,кіх дзейнічаюць сан,6
2567,кіх уведзеныя сан,6
2568,кія адбыліся ў,9
2569,кія адмыслова і,10
2570,кія датычацца зак,7
2571,кія дзейнічаюць у,6
2572,кія любяць усё,5
2573,кія маюць дач,5
2574,кія маюць кан,5
2575,кія пацвярджаюць суп,12
2576,кія прагаласавалі за,14
2577,кія прадугледжана пак,11
2578,кія прадугледжваюць заб,11
2579,кія працуюць са,8
2580,кія самі зна,5
2581,кія суправаджаліся ўст,13
2582,кія ўзялі апя,6
2583,кія ўносілі гро,6
2584,яму камфортнае існ,8
2585,яна бачыць нав,5
2586,яна вырасла на,5
2587,яна засталася без,10
2588,яна мяне зац,7
2589,нкі купалы алё,7
2590,яны ажыццяўлялі гэт,12
2591,яны будуць заг,5
2592,яны вельмі доб,5
2593,яны дэманстравалі гле,14
2594,яны застаюцца зак,9
2595,яны здзейснілі тыя,7
2596,яны павінны нак,7
2597,яны прыпісвалі дзя,8
2598,яны раптам пра,5
2599,яны расказалі наш,10
2600,яны рэгламентуюць атр,13
2601,яны сапраўды пач,8
2602,яны таксама буд,8
2603,сны паралельны пал,9
2604,сны сігнал бел,8
2605,эек выявіліся фак,5
2606,шчэ адзін кро,7
2607,ён таксама дад,7
2608,ён імгненна пай,7
2609,сць магчымасць зар,8
2610,сць супрацьлеглая пра,12
2611,і абласных эта,5
2612,і абмен інф,5
2613,і абслугоўванні зне,8
2614,і абсталяваных мес,10
2615,і адначасова вяд,9
2616,і аднаўлення дыя,8
2617,і адэкватным ста,7
2618,і анатоля тар,6
2619,і антывірусныя лек,7
2620,і аранжавых тан,4
2621,і артыстычнага май,8
2622,і аховы нав,4
2623,і беларускі дух,7
2624,і будзем пра,3
2625,і вакальныя тал,5
2626,і восем атр,3
2627,і вызваліць усі,3
2628,і вызначэння дал,8
2629,і вытворчасці нав,6
2630,і вышэйстаячых кір,10
2631,і вячэрнім убр,5
2632,і вісагінскай аэс,7
2633,і грашова-крэдытнай пал,6
2634,і гэта мож,3
2635,і гэта раз,3
2636,і дзмітрыя кан,5
2637,і журы сва,5
2638,і завалоданне гра,7
2639,і заклікаў ула,6
2640,і замарожванне іх,7
2641,і замежнай вал,5
2642,і запаліць све,7
2643,і заявы бел,4
2644,і здаровага хар,6
2645,і зніжэннем зне,4
2646,і калі вы,5
2647,і калінінградскай ата,11
2648,і кампазітар з,8
2649,і кантролю за,7
2650,і катаванні пал,7
2651,і кіравання ім,7
2652,і латвійскімі пра,6
2653,і любы раз,3
2654,і лясной гас,6
2655,і літвой па,6
2656,і літвы пра,6
2657,і многія ёй,4
2658,і мова жыв,3
2659,і мужчынскія шка,6
2660,і мінскай абл,3
2661,і мінскі раё,3
2662,і мінфін буд,6
2663,і мінфінам пар,6
2664,і накіраванне ў,9
2665,і нацбанк бел,6
2666,і нацыянальны бан,8
2667,і падала адп,5
2668,і падрыхтоўку пра,9
2669,і пайшоў па,6
2670,і палітыцы бяс,5
2671,і палітычных пра,7
2672,і параалімпійскіх збо,3
2673,і пасля пры,6
2674,і пачаць раз,5
2675,і пачні гав,6
2676,і пачуццё гум,8
2677,і паўсюль чул,6
2678,і плануем у,6
2679,і плодаагародніцтве вад,11
2680,і польскую мов,3
2681,і правёў пер,6
2682,і праграмнага заб,7
2683,і праезду пеш,5
2684,і прыватызацыі бел,10
2685,і прыватызацыі дзм,10
2686,і пяці сел,5
2687,і радам мяс,3
2688,і рады еўр,3
2689,і радыяцыйнай аба,8
2690,і разлічвае на,6
2691,і разлічыць сва,8
2692,і самастойна выв,8
2693,і служачых скл,4
2694,і сувязяў з,3
2695,і сувязі сяр,3
2696,і супрацоўніцтве ў,8
2697,і сферы сац,4
2698,і сірыя выв,3
2699,і сірыя пла,3
2700,і сірыя ў,3
2701,і таму я,5
2702,і творчым нум,4
2703,і творчыя здо,4
2704,і трэба гэт,4
2705,і тыя ж,3
2706,і уладзіслава кав,10
2707,і уладзіслава кав,10
2708,і фактычна дэз,6
2709,і фінансавай ста,5
2710,і хімічных сро,5
2711,і цягне пак,3
2712,і шоумен дзм,6
2713,і эканамічны пас,8
2714,і эканамічныя сан,8
2715,і электразабеспячэнне хат,17
2716,і электронныя нос,8
2717,і яе 79-,3
2718,і яны сап,2
2719,і інтэлектуальнае спа,11
2720,і іншыя гар,2
2721,і ірана ў,4
2722,і ўзгаднення пры,8
2723,і ўладальніцай тыт,6
2724,і ўнесці ў,4
2725,і ўрада ўда,4
2726,і ўсталяваць пас,9
2727,і ўстойлівую дын,5
2728,уць следчыя мер,6
2729,ім вярнуцца да,7
2730,нна пайшоў пад,8
2731,імя янкі куп,4
2732,імі свае мар,7
2733,раў выказалі жад,5
2734,ары гатовы пры,7
2735,тва беларусі з,9
2736,ымі магчымасцямі эка,8
2737,ныя магчымасці бел,8
2738,раў паказчыкаў ввд,7
2739,тах мінімізацыі рыз,11
2740,най эканомікі рэс,8
2741,в'ю чэшскай пер,5
2742,сці кіраўнікоў пра,12
2743,цыі беларускага мзс,9
2744,цыі намесніка ген,7
2745,шым тэхналогіям ура,10
2746,ымі міжнароднымі арг,10
2747,шых сектараў для,5
2748,шыя краіны снд,7
2749,ран абсталявання і,8
2750,нія выступіць пад,5
2751,іх вызваленне ста,9
2752,іх кожная ўдз,4
2753,іх крытычнасці з,7
2754,іх прыдатныя да,7
2755,іх цікавіць у,6
2756,іх чакала сем,6
2757,ў адміністрацыі прэ,11
2758,ў адпаведнасць з,7
2759,ў адраджэнне нац,8
2760,ў афіцыйным пав,6
2761,ў беларусаў гіс,7
2762,ў беларускім мзс,5
2763,ў беларускім пер,7
2764,ў беларускіх апт,7
2765,ў беларусь да,7
2766,ў беларусі был,7
2767,ў беларусі маг,3
2768,ў беларусі няч,7
2769,ў беларусі рас,7
2770,ў беларусі спе,7
2771,ў будучыні пла,5
2772,ў вольны час,3
2773,ў выкананне смя,7
2774,ў выкананне смя,7
2775,ў выкананне смя,3
2776,ў выкананне смя,7
2777,ў выкананне суд,7
2778,ў выпадку неа,3
2779,ў выходныя дні,5
2780,ў вёсцы бар,3
2781,ў віцебскім абл,3
2782,ў галіне ахо,7
2783,ў галіне ядз,5
2784,ў грамадскім мес,6
2785,ў гэтым год,3
2786,ў гэтых кра,3
2787,ў дачыненні да,7
2788,ў дзейнасці гро,7
2789,ў другім паў,4
2790,ў заяве кам,4
2791,ў зварот пас,6
2792,ў знешнім ган,4
2793,ў каго не,5
2794,ў канцы сак,6
2795,ў капенгагене абм,8
2796,ў капенгагене зак,8
2797,ў красавіку скл,6
2798,ў крытычнай сіт,6
2799,ў любы мом,5
2800,ў лютым гэт,3
2801,ў літве абм,6
2802,ў межах клі,3
2803,ў межах сяр,3
2804,ў месцах адп,3
2805,ў многіх кра,4
2806,ў мяне пав,5
2807,ў мінску адб,3
2808,ў мінскім мет,3
2809,ў міністэрстве эка,8
2810,ў набыццё акц,8
2811,ў некаторыя бан,7
2812,ў непадрыхтаваную гле,13
2813,ў п'яным выг,4
2814,ў падтрымцы кра,7
2815,ў палоне кан,5
2816,ў памяць аб,3
2817,ў параўнанні са,8
2818,ў патрыятызм без,9
2819,ў пачатку xix,5
2820,ў першым паў,3
2821,ў першыя два,3
2822,ў пошуку фор,3
2823,ў прысутнасці на,6
2824,ў пытанні буд,5
2825,ў пытанні сан,5
2826,ў рабоце з,5
2827,ў разрэзе сек,6
2828,ў рацэ 6,5
2829,ў саўмін і,6
2830,ў сваіх дзе,5
2831,ў свядомым ухі,6
2832,ў сеул 16,3
2833,ў сеул дыр,4
2834,ў спецыяльна адв,7
2835,ў стане алк,4
2836,ў стане ап',4
2837,ў статутным фон,6
2838,ў структуру дву,8
2839,ў студзені скл,7
2840,ў сувязі з,5
2841,ў сферах тра,4
2842,"ў сярэднім 5,8",5
2843,ў сярэднім атр,5
2844,ў сярэднім на,5
2845,ў сярэднім скл,5
2846,ў сістэме ана,6
2847,ў сітуацыі ў,6
2848,ў творчым кон,4
2849,ў трансгранічным кан,11
2850,ў трусах і,6
2851,ў фармаце блі,6
2852,ў фінале кон,5
2853,ў фінале між,5
2854,ў фінансавым пла,5
2855,ў ходзе пра,3
2856,ў цяжкі мом,3
2857,ў чарговы раз,6
2858,ў частцы інш,3
2859,ў чорны спі,3
2860,ў чэхіі ў,3
2861,ў эканоміцы і,6
2862,ў іран абс,4
2863,ага даі над,5
2864,ымі раней сан,7
2865,сці мараторый на,9
2866,уле слухаю сам,6
2867,нне рэальных сан,6
2868,вёў шэраг еўр,5
2869,каў конкурсу пра,11
2870,каў структуры пад,10
2871,амі ўніверсітэцкіх і,13
2872,ўжо дасягнула ўся,10
2873,ена значна ран,6
2874,іць кантроль за,9
2875,ень намінальнай нал,9
2876,яла першае мес,5
2877,ялі апякунства над,8
2878,яць удзел у,7
2879,ыкі ўносілі ў,8
2880,ады выдаць цел,5
2881,ады занядбалі адн,10
2882,ады маюць нам,5
2883,ады прыпыніць вык,10
2884,ных крыніц эне,8
2885,лік знешніх паз,6
2886,вах ананімнасці еўр,8
2887,ным валютным рын,7
2888,эта вікторыя шац,8
2889,эта марта кол,5
2890,эта марыць аб,5
2891,эта сняжана міх,8
2892,эта хрысціне нік,9
2893,эта імя янк,6
2894,рад беларусі пав,9
2895,аць гэты кан,5
2896,шце сустрэла бел,9
2897,ўсе прэтэнзіі літ,8
2898,ўсе работнікі буд,7
2899,ная часовая таб,7
2900,аць пастаянны мем,9
2901,вую дынаміку абм,7
2902,ўсё было вел,7
2903,ўсё гэта каж,5
2904,ўсё пачалося з,9
2905,сім зямным шар,8
2906,сім свеце апр,6
